compilation, temps
gcc, -O0, 28.772713
gcc, -O0, 28.403130
gcc, -O0, 30.044592
gcc, -O0, 30.111092
gcc, -O0, 29.505169
